{
  "zero_shot": {
    "accuracy": 0.55,
    "f1": 0.5490038523274479
  },
  "few_shot": {
    "accuracy": 0.52,
    "f1": 0.5388606756252333
  },
  "fine_tuned_bert": {
    "accuracy": 0.9295,
    "f1": 0.9294
  }
}